{"auc_semantic_mean":0.5460158407407408,"auc_noise_mean":0.9894600222222222,"ph_delays_semantic_mean":1454.4833333333333,"ph_delays_noise_mean":2.45,"ph_fas_semantic_mean":1.35,"ph_fas_noise_mean":1.5,"ad_delays_semantic_mean":3792.5833333333335,"ad_delays_noise_mean":103.41666666666667,"ad_fas_semantic_mean":0.23333333333333334,"ad_fas_noise_mean":0.25,"ks_delays_semantic_mean":2763.233333333333,"ks_delays_noise_mean":2734.883333333333,"ks_fas_semantic_mean":11.1,"ks_fas_noise_mean":10.866666666666667}