{"auc_semantic_mean":0.5595974972222223,"auc_noise_mean":0.9940975953703703,"ph_delays_semantic_mean":952.8666666666667,"ph_delays_noise_mean":1.0,"ph_fas_semantic_mean":3.35,"ph_fas_noise_mean":2.9833333333333334,"ad_delays_semantic_mean":3290.516666666667,"ad_delays_noise_mean":34.2,"ad_fas_semantic_mean":0.5,"ad_fas_noise_mean":0.4,"ks_delays_semantic_mean":2543.2,"ks_delays_noise_mean":2733.133333333333,"ks_fas_semantic_mean":5.1,"ks_fas_noise_mean":4.616666666666666}