{"auc_semantic_mean":0.5515364731481481,"auc_noise_mean":0.9184741324074075,"ph_delays_semantic_mean":234.73333333333332,"ph_delays_noise_mean":2.1,"ph_fas_semantic_mean":4.816666666666666,"ph_fas_noise_mean":4.366666666666666,"ad_delays_semantic_mean":1080.9666666666667,"ad_delays_noise_mean":365.35,"ad_fas_semantic_mean":2.05,"ad_fas_noise_mean":1.9,"ks_delays_semantic_mean":2781.4666666666667,"ks_delays_noise_mean":2642.1666666666665,"ks_fas_semantic_mean":7.383333333333334,"ks_fas_noise_mean":7.566666666666666}