{"auc_semantic_mean":0.5631007620370371,"auc_noise_mean":0.9999378703703704,"ph_delays_semantic_mean":1030.2666666666667,"ph_delays_noise_mean":1.85,"ph_fas_semantic_mean":2.4,"ph_fas_noise_mean":2.9,"ad_delays_semantic_mean":3002.3333333333335,"ad_delays_noise_mean":28.866666666666667,"ad_fas_semantic_mean":0.43333333333333335,"ad_fas_noise_mean":0.5833333333333334,"ks_delays_semantic_mean":2588.55,"ks_delays_noise_mean":820.4833333333333,"ks_fas_semantic_mean":3.9833333333333334,"ks_fas_noise_mean":4.25}