{"auc_semantic_mean":0.5574935212962961,"auc_noise_mean":0.8816919703703704,"ph_delays_semantic_mean":197.91666666666666,"ph_delays_noise_mean":2.6666666666666665,"ph_fas_semantic_mean":5.65,"ph_fas_noise_mean":4.916666666666667,"ad_delays_semantic_mean":461.93333333333334,"ad_delays_noise_mean":1145.9333333333334,"ad_fas_semantic_mean":2.8666666666666667,"ad_fas_noise_mean":3.3333333333333335,"ks_delays_semantic_mean":2789.383333333333,"ks_delays_noise_mean":2494.15,"ks_fas_semantic_mean":12.633333333333333,"ks_fas_noise_mean":13.033333333333333}