{"auc_semantic_mean":0.6303705712962963,"auc_noise_mean":0.946095162037037,"ph_delays_semantic_mean":117.65,"ph_delays_noise_mean":1.9166666666666667,"ph_fas_semantic_mean":5.983333333333333,"ph_fas_noise_mean":6.633333333333334,"ad_delays_semantic_mean":267.8,"ad_delays_noise_mean":168.9,"ad_fas_semantic_mean":4.766666666666667,"ad_fas_noise_mean":4.766666666666667,"ks_delays_semantic_mean":2831.0666666666666,"ks_delays_noise_mean":2898.3166666666666,"ks_fas_semantic_mean":14.283333333333333,"ks_fas_noise_mean":11.95}