{"auc_semantic_mean":0.5378020324074074,"auc_noise_mean":0.8533641407407409,"ph_delays_semantic_mean":209.18333333333334,"ph_delays_noise_mean":2.433333333333333,"ph_fas_semantic_mean":6.2,"ph_fas_noise_mean":5.95,"ad_delays_semantic_mean":592.4833333333333,"ad_delays_noise_mean":1686.45,"ad_fas_semantic_mean":3.216666666666667,"ad_fas_noise_mean":3.183333333333333,"ks_delays_semantic_mean":2761.733333333333,"ks_delays_noise_mean":2782.5333333333333,"ks_fas_semantic_mean":13.733333333333333,"ks_fas_noise_mean":11.666666666666666}