{"auc_semantic_mean":0.5335829925925925,"auc_noise_mean":0.9482495731481483,"ph_delays_semantic_mean":196.1,"ph_delays_noise_mean":0.9,"ph_fas_semantic_mean":5.383333333333334,"ph_fas_noise_mean":5.433333333333334,"ad_delays_semantic_mean":805.05,"ad_delays_noise_mean":702.3666666666667,"ad_fas_semantic_mean":2.966666666666667,"ad_fas_noise_mean":2.5166666666666666,"ks_delays_semantic_mean":2659.0666666666666,"ks_delays_noise_mean":2520.6833333333334,"ks_fas_semantic_mean":13.766666666666667,"ks_fas_noise_mean":13.35}