{"auc_semantic_mean":0.9991945527777778,"auc_noise_mean":0.993979226851852,"ph_delays_semantic_mean":0.6333333333333333,"ph_delays_noise_mean":0.08333333333333333,"ph_fas_semantic_mean":1.7166666666666666,"ph_fas_noise_mean":1.4666666666666666,"ad_delays_semantic_mean":36.86666666666667,"ad_delays_noise_mean":30.466666666666665,"ad_fas_semantic_mean":0.23333333333333334,"ad_fas_noise_mean":0.25,"ks_delays_semantic_mean":2004.75,"ks_delays_noise_mean":758.1166666666667,"ks_fas_semantic_mean":2.9,"ks_fas_noise_mean":2.6166666666666667}