{"auc_semantic_mean":0.9970721592592593,"auc_noise_mean":0.9976054037037038,"ph_delays_semantic_mean":0.2833333333333333,"ph_delays_noise_mean":0.06666666666666667,"ph_fas_semantic_mean":2.066666666666667,"ph_fas_noise_mean":2.25,"ad_delays_semantic_mean":37.93333333333333,"ad_delays_noise_mean":32.06666666666667,"ad_fas_semantic_mean":0.9,"ad_fas_noise_mean":0.95,"ks_delays_semantic_mean":2134.15,"ks_delays_noise_mean":932.9666666666667,"ks_fas_semantic_mean":7.633333333333334,"ks_fas_noise_mean":7.383333333333334}