{"auc_semantic_mean":0.9724021796296295,"auc_noise_mean":0.9997202759259257,"ph_delays_semantic_mean":0.13333333333333333,"ph_delays_noise_mean":0.0,"ph_fas_semantic_mean":2.0166666666666666,"ph_fas_noise_mean":2.3833333333333333,"ad_delays_semantic_mean":173.16666666666666,"ad_delays_noise_mean":30.466666666666665,"ad_fas_semantic_mean":0.36666666666666664,"ad_fas_noise_mean":0.36666666666666664,"ks_delays_semantic_mean":2471.5333333333333,"ks_delays_noise_mean":346.75,"ks_fas_semantic_mean":4.833333333333333,"ks_fas_noise_mean":5.0}