{"auc_semantic_mean":0.9865656722222222,"auc_noise_mean":0.9935651185185186,"ph_delays_semantic_mean":1.7666666666666666,"ph_delays_noise_mean":0.06666666666666667,"ph_fas_semantic_mean":1.6,"ph_fas_noise_mean":2.15,"ad_delays_semantic_mean":38.46666666666667,"ad_delays_noise_mean":34.2,"ad_fas_semantic_mean":0.48333333333333334,"ad_fas_noise_mean":0.75,"ks_delays_semantic_mean":2388.4666666666667,"ks_delays_noise_mean":1180.65,"ks_fas_semantic_mean":3.816666666666667,"ks_fas_noise_mean":3.966666666666667}