{"auc_semantic_mean":0.6386151537037037,"auc_noise_mean":0.9999894759259258,"ph_delays_semantic_mean":44.7,"ph_delays_noise_mean":0.35,"ph_fas_semantic_mean":0.5166666666666667,"ph_fas_noise_mean":0.5833333333333334,"ad_delays_semantic_mean":4000.0,"ad_delays_noise_mean":39.0,"ad_fas_semantic_mean":0.0,"ad_fas_noise_mean":0.0,"ks_delays_semantic_mean":2586.1833333333334,"ks_delays_noise_mean":975.4333333333333,"ks_fas_semantic_mean":3.5833333333333335,"ks_fas_noise_mean":3.466666666666667}