{"auc_semantic_mean":0.45544565092592587,"auc_noise_mean":0.9999992648148148,"ph_delays_semantic_mean":1052.8833333333334,"ph_delays_noise_mean":0.15,"ph_fas_semantic_mean":0.85,"ph_fas_noise_mean":1.0,"ad_delays_semantic_mean":3955.3166666666666,"ad_delays_noise_mean":37.93333333333333,"ad_fas_semantic_mean":0.016666666666666666,"ad_fas_noise_mean":0.016666666666666666,"ks_delays_semantic_mean":2429.4333333333334,"ks_delays_noise_mean":426.28333333333336,"ks_fas_semantic_mean":3.183333333333333,"ks_fas_noise_mean":3.1166666666666667}