{"auc_semantic_mean":0.535021125,"auc_noise_mean":0.9998625888888888,"ph_delays_semantic_mean":20.666666666666668,"ph_delays_noise_mean":0.23333333333333334,"ph_fas_semantic_mean":0.8166666666666667,"ph_fas_noise_mean":0.6833333333333333,"ad_delays_semantic_mean":2708.8166666666666,"ad_delays_noise_mean":36.333333333333336,"ad_fas_semantic_mean":0.35,"ad_fas_noise_mean":0.2,"ks_delays_semantic_mean":2583.2166666666667,"ks_delays_noise_mean":1499.2166666666667,"ks_fas_semantic_mean":5.733333333333333,"ks_fas_noise_mean":5.75}