{"auc_semantic_mean":0.5812710055555554,"auc_noise_mean":0.9999788740740739,"ph_delays_semantic_mean":35.983333333333334,"ph_delays_noise_mean":0.3333333333333333,"ph_fas_semantic_mean":0.65,"ph_fas_noise_mean":0.75,"ad_delays_semantic_mean":3957.45,"ad_delays_noise_mean":35.266666666666666,"ad_fas_semantic_mean":0.11666666666666667,"ad_fas_noise_mean":0.08333333333333333,"ks_delays_semantic_mean":2538.5833333333335,"ks_delays_noise_mean":1006.9666666666667,"ks_fas_semantic_mean":4.966666666666667,"ks_fas_noise_mean":4.5}