{"auc_semantic_mean":0.5508868194444444,"auc_noise_mean":0.7102015972222221,"ph_delays_semantic_mean":517.3333333333334,"ph_delays_noise_mean":86.91666666666667,"ph_fas_semantic_mean":1.05,"ph_fas_noise_mean":1.2,"ad_delays_semantic_mean":3189.65,"ad_delays_noise_mean":555.9833333333333,"ad_fas_semantic_mean":0.0,"ad_fas_noise_mean":0.03333333333333333,"ks_delays_semantic_mean":2194.2,"ks_delays_noise_mean":2390.8333333333335,"ks_fas_semantic_mean":1.75,"ks_fas_noise_mean":1.35}