{"auc_semantic_mean":0.5644177898148148,"auc_noise_mean":0.7072403953703705,"ph_delays_semantic_mean":96.85,"ph_delays_noise_mean":32.11666666666667,"ph_fas_semantic_mean":0.9833333333333333,"ph_fas_noise_mean":1.1166666666666667,"ad_delays_semantic_mean":2436.866666666667,"ad_delays_noise_mean":1309.9666666666667,"ad_fas_semantic_mean":0.1,"ad_fas_noise_mean":0.13333333333333333,"ks_delays_semantic_mean":2207.9,"ks_delays_noise_mean":2048.7,"ks_fas_semantic_mean":1.15,"ks_fas_noise_mean":0.8666666666666667}