{"auc_semantic_mean":0.5342204990740741,"auc_noise_mean":0.919546564814815,"ph_delays_semantic_mean":535.9833333333333,"ph_delays_noise_mean":11.566666666666666,"ph_fas_semantic_mean":1.6,"ph_fas_noise_mean":1.2833333333333334,"ad_delays_semantic_mean":3215.85,"ad_delays_noise_mean":393.0833333333333,"ad_fas_semantic_mean":0.11666666666666667,"ad_fas_noise_mean":0.08333333333333333,"ks_delays_semantic_mean":2354.2833333333333,"ks_delays_noise_mean":2565.05,"ks_fas_semantic_mean":2.283333333333333,"ks_fas_noise_mean":2.2666666666666666}