{"auc_semantic_mean":0.572642473148148,"auc_noise_mean":0.77448775,"ph_delays_semantic_mean":77.6,"ph_delays_noise_mean":12.95,"ph_fas_semantic_mean":0.95,"ph_fas_noise_mean":1.0833333333333333,"ad_delays_semantic_mean":2917.0,"ad_delays_noise_mean":1655.4,"ad_fas_semantic_mean":0.05,"ad_fas_noise_mean":0.1,"ks_delays_semantic_mean":2135.2166666666667,"ks_delays_noise_mean":2263.983333333333,"ks_fas_semantic_mean":0.7666666666666667,"ks_fas_noise_mean":0.8166666666666667}