{"auc_semantic_mean":0.5109409055555555,"auc_noise_mean":0.5433964046296297,"ph_delays_semantic_mean":216.03333333333333,"ph_delays_noise_mean":257.28333333333336,"ph_fas_semantic_mean":9.183333333333334,"ph_fas_noise_mean":9.4,"ad_delays_semantic_mean":259.26666666666665,"ad_delays_noise_mean":362.2,"ad_fas_semantic_mean":10.116666666666667,"ad_fas_noise_mean":10.85,"ks_delays_semantic_mean":2843.133333333333,"ks_delays_noise_mean":2818.3,"ks_fas_semantic_mean":13.15,"ks_fas_noise_mean":13.016666666666667}