{"auc_semantic_mean":0.4646489111111112,"auc_noise_mean":0.49696940000000006,"ph_delays_semantic_mean":1225.1,"ph_delays_noise_mean":7.65,"ph_fas_semantic_mean":1.35,"ph_fas_noise_mean":1.5,"ad_delays_semantic_mean":3706.8333333333335,"ad_delays_noise_mean":2425.733333333333,"ad_fas_semantic_mean":0.11666666666666667,"ad_fas_noise_mean":0.1,"ks_delays_semantic_mean":2200.7833333333333,"ks_delays_noise_mean":2674.9166666666665,"ks_fas_semantic_mean":1.8833333333333333,"ks_fas_noise_mean":2.033333333333333}