{"auc_semantic_mean":0.5958149490740741,"auc_noise_mean":0.999845912037037,"ph_delays_semantic_mean":1046.1666666666667,"ph_delays_noise_mean":0.3333333333333333,"ph_fas_semantic_mean":3.183333333333333,"ph_fas_noise_mean":2.683333333333333,"ad_delays_semantic_mean":3845.266666666667,"ad_delays_noise_mean":34.733333333333334,"ad_fas_semantic_mean":0.03333333333333333,"ad_fas_noise_mean":0.0,"ks_delays_semantic_mean":2726.0666666666666,"ks_delays_noise_mean":913.6,"ks_fas_semantic_mean":1.6333333333333333,"ks_fas_noise_mean":1.4666666666666666}