{"auc_semantic_mean":0.4805886759259259,"auc_noise_mean":0.5431712657407408,"ph_delays_semantic_mean":1170.9833333333333,"ph_delays_noise_mean":16.916666666666668,"ph_fas_semantic_mean":1.8666666666666667,"ph_fas_noise_mean":2.5166666666666666,"ad_delays_semantic_mean":3761.5333333333333,"ad_delays_noise_mean":2557.883333333333,"ad_fas_semantic_mean":0.03333333333333333,"ad_fas_noise_mean":0.08333333333333333,"ks_delays_semantic_mean":2501.6,"ks_delays_noise_mean":2368.0333333333333,"ks_fas_semantic_mean":1.2333333333333334,"ks_fas_noise_mean":1.7666666666666666}